strategy,n_questions,mean_answer_correctness,mean_faithfulness,mean_answer_relevance,mean_context_usefulness,mean_completeness,mean_overall_quality
classic,7,4.285714285714286,4.0,5.0,4.714285714285714,3.7142857142857144,4.142857142857143
hyde,7,4.571428571428571,4.428571428571429,5.0,5.0,4.428571428571429,4.571428571428571
multi_query,7,4.285714285714286,4.142857142857143,5.0,4.857142857142857,4.0,4.285714285714286
reranked,7,4.571428571428571,4.428571428571429,5.0,5.0,4.285714285714286,4.428571428571429
