strategy,n_questions,mean_retrieval_recall,mean_retrieval_precision,mean_mrr,mean_matched_source_count,second_retrieval_rate
classic,7,0.48095238095238096,0.8166666666666667,0.9285714285714286,2.5714285714285716,0.0
hyde,7,0.5095238095238095,0.8452380952380952,1.0,2.4285714285714284,0.0
multi_query,7,0.4714285714285714,0.7857142857142857,0.8571428571428571,2.4285714285714284,0.0
reranked,7,0.5285714285714286,0.8,0.9285714285714286,2.857142857142857,0.0
